time,US,JAP,England,DG,France,ITALY,JIA
1971/1/31,5.29,6.5,8.49,4.01,4.7,5.22,-3.59
1971/2/28,5,6,8.52,4.67,4.89,4.77,-4.55
1971/3/31,4.71,5.3,8.76,4.65,4.97,4.8,-3.06
1971/4/30,4.16,5.8,9.42,4.85,5.05,4.64,-3.02
1971/5/31,4.4,6.4,9.82,5.07,5.33,4.78,-0.51
1971/6/30,4.64,6.9,10.29,5.27,5.31,4.69,-1.52
1971/7/31,4.36,6.9,10.15,5.71,5.6,4.81,0.51
1971/8/31,4.62,7,10.3,5.71,5.58,4.82,2.51
1971/9/30,4.08,8,9.89,5.93,5.65,4.87,3.09
1971/10/31,3.81,6.5,9.37,5.91,5.83,4.91,3.65
1971/11/30,3.28,5.5,9.24,5.66,5.81,4.58,5.29
1971/12/31,3.27,4.8,9.03,5.41,5.99,4.61,8.02
1972/1/31,3.27,4.1,8.16,5.57,5.66,4.67,8.51
1972/2/29,3.51,4.5,8.12,5.1,5.73,4.85,8.99
1972/3/31,3.5,5.3,7.58,5.29,5.8,4.73,7.37
1972/4/30,3.49,5,6.31,5.04,5.58,4.62,6.74
1972/5/31,3.23,5.2,6.14,4.82,5.44,4.98,5.15
1972/6/30,2.71,4.8,6.09,4.8,5.61,5.45,5.15
1972/7/31,2.95,5,5.8,5.2,5.97,5.53,7.04
1972/8/31,2.94,5.9,6.57,5.2,6.13,6,7.35
1972/9/30,3.19,3.9,7.01,6.02,6.29,6.34,9.5
1972/10/31,3.42,4.4,7.86,5.99,6.63,6.97,9.05
1972/11/30,3.67,5.1,7.63,6.39,6.88,7.31,9.05
1972/12/31,3.41,5.7,7.65,6.37,6.94,7.38,8.42
1973/1/31,3.65,6.7,7.74,6.29,6.65,8.09,9.8
1973/2/28,3.87,7,7.88,6.46,6.34,8.7,10.68
1973/3/31,4.59,8.7,8.17,6.63,6.4,9.59,11.76
1973/4/30,5.06,9.4,9.21,6.8,6.74,10.5,13.59
1973/5/31,5.53,10.8,9.47,7.6,7.16,11.13,15.69
1973/6/30,6,11,9.29,7.77,7.39,11.52,18.14
1973/7/31,5.73,11.7,9.44,7.31,7.42,11.75,15.49
1973/8/31,7.38,11.9,8.88,7.31,7.56,11.77,15.98
1973/9/30,7.36,14.2,9.25,6.26,7.86,11.3,16.44
1973/10/31,7.8,13.9,9.9,6.63,8.06,11,17.05
1973/11/30,8.25,15.2,10.34,7.36,8.36,11.44,17.97
1973/12/31,8.71,18.3,10.58,7.92,8.48,12.52,16.89
1974/1/31,9.39,21.9,11.97,7.44,10.3,13.17,16.07
1974/2/28,10.02,24.9,13.14,7.78,11.49,14.3,16.67
1974/3/31,10.39,22.8,13.49,7.16,12.2,15.99,18.42
1974/4/30,10.09,23.7,15.17,7.3,13.23,16.25,15.38
1974/5/31,10.71,22,15.94,7.06,13.52,16.17,17.8
1974/6/30,10.86,22.3,16.54,6.84,13.93,16.76,16.6
1974/7/31,11.51,23.8,17.09,6.81,14.39,18.45,15.45
1974/8/31,10.86,23.9,16.87,7,14.55,20.26,13.39
1974/9/30,11.95,22.5,17.11,7.18,14.74,23.02,12.94
1974/10/31,12.06,24.8,17.11,7.13,14.91,24.35,14.96
1974/11/30,12.2,24.5,18.28,6.5,14.94,25.24,15.23
1974/12/31,12.34,21,19.14,5.72,15.16,24.5,17.19
1975/1/31,11.8,16.8,19.9,6.04,14.52,24.11,15.38
1975/2/28,11.23,13.6,19.86,5.63,13.87,23.31,13.91
1975/3/31,10.25,13.9,21.15,5.98,13.48,20.32,11.85
1975/4/30,10.21,13.4,21.68,6.11,12.66,20.43,12.22
1975/5/31,9.47,14,25,6.08,12.14,19.72,10.07
1975/6/30,9.39,13.4,26.13,6.57,11.71,18.95,13.17
1975/7/31,9.72,11.4,26.25,6.21,11.13,17.08,14.79
1975/8/31,8.6,10.2,26.87,5.85,10.97,15.31,14.24
1975/9/30,7.91,10.4,26.58,6.19,10.71,13,13.19
1975/10/31,7.44,9.7,25.88,5.63,10.23,12.12,11.99
1975/11/30,7.38,8.3,25.17,5.25,9.92,11.26,11.53
1975/12/31,6.94,7.8,24.89,5.41,9.63,11.24,8.67
1976/1/31,6.72,8.7,23.35,5.19,9.6,10.97,8.33
1976/2/29,6.29,9.3,22.89,5.33,9.52,11.78,6.6
1976/3/31,6.07,8.7,21.16,5.14,9.58,13.87,5.96
1976/4/30,6.05,9.4,18.9,4.77,9.57,15.36,4.95
1976/5/31,6.2,9.2,15.39,4.42,9.5,16.71,5.56
1976/6/30,5.97,9.6,13.79,3.73,9.16,16.34,1.89
1976/7/31,5.35,9.9,12.85,3.57,9.42,16.45,-0.31
1976/8/31,5.71,9.4,13.78,4.07,9.49,16.99,-2.13
1976/9/30,5.49,9.8,14.31,3.72,9.74,18,-1.84
1976/10/31,5.46,8.7,14.74,3.72,9.92,20.08,-2.14
1976/11/30,4.88,9.2,14.98,3.7,10.11,21.32,-3.65
1976/12/31,4.86,10.5,15.07,3.69,9.86,20.5,-2.45
1977/1/31,5.22,9.4,16.57,3.98,9.01,20.78,-0.62
1977/2/28,5.91,9.3,16.22,3.8,9.01,20.44,2.17
1977/3/31,6.44,9.5,16.73,3.63,9.05,19.56,4.06
1977/4/30,6.95,8.8,17.46,3.61,9.52,17.92,6.29
1977/5/31,6.73,9.4,17.07,3.76,9.82,17.01,6.19
1977/6/30,6.87,8.6,17.69,4.07,10.21,17.28,7.41
1977/7/31,6.83,7.7,17.59,4.08,10.11,17.39,9.23
1977/8/31,6.62,8.6,16.53,3.75,9.92,17.2,11.18
1977/9/30,6.6,7.7,15.63,3.74,9.69,16.72,12.19
1977/10/31,6.39,7.6,14.07,3.58,9.55,14.97,14.06
1977/11/30,6.72,6.5,13.03,3.42,9.06,13.63,16.09
1977/12/31,6.7,5,12.14,3.41,8.98,14.06,17.92
1978/1/31,6.84,4.5,9.92,3.06,9.18,13.52,17.03
1978/2/28,6.43,4.5,9.48,2.9,9.23,12.54,15.45
1978/3/31,6.55,4.8,9.1,3.04,9.2,12.57,16.22
1978/4/30,6.5,4.2,7.93,3.03,8.97,12.24,16.86
1978/5/31,6.97,3.9,7.71,2.87,9,11.92,19.53
1978/6/30,7.41,3.9,7.41,2.71,8.99,12.09,20.4
1978/7/31,7.7,4.6,7.78,2.71,9.34,12.11,23.38
1978/8/31,7.84,4.6,7.96,2.56,9.4,11.66,20.11
1978/9/30,8.31,4.1,7.81,2.26,9.16,12.01,16.16
1978/10/31,8.93,3.7,7.83,2.41,9.3,11.52,15.62
1978/11/30,8.89,3.8,8.06,2.55,9.48,11.57,14.95
1978/12/31,9.02,3.9,8.39,2.54,9.71,11.6,13.6
1979/1/31,9.28,3.6,9.34,2.82,10.19,12.55,15.34
1979/2/28,9.86,2.8,9.6,2.81,10.12,13.06,17.32
1979/3/31,10.09,2.7,9.8,3.1,10.13,13.13,18.86
1979/4/30,10.49,2.9,10.07,3.09,10.03,13.47,17.72
1979/5/31,10.85,3.2,10.32,3.23,10.13,13.66,13.66
1979/6/30,10.89,3.8,11.36,3.51,10.21,13.62,11.22
1979/7/31,11.26,4.3,15.65,4.25,10.33,13.92,8.68
1979/8/31,11.82,3.1,15.8,4.55,10.81,14.67,9.53
1979/9/30,12.18,3.2,16.48,5.15,11.04,15.79,12.95
1979/10/31,12.07,4.2,17.16,5.14,11.33,16.9,12.56
1979/11/30,12.61,5,17.38,5.42,11.46,17.31,12.29
1979/12/31,13.29,5.6,17.24,5.4,11.79,18.82,13.15
1980/1/31,13.91,6.4,18.39,4.91,12.92,20.59,10.78
1980/2/29,14.18,7.7,19.1,5.91,13.37,20.85,9.84
1980/3/31,14.76,7.7,19.75,5.73,13.65,20.5,7.83
1980/4/30,14.73,8.1,21.76,5.85,13.94,20.93,6.67
1980/5/31,14.41,8,21.91,6.12,13.66,20.84,7.73
1980/6/30,14.38,8.2,20.99,5.8,13.53,20.94,10.73
1980/7/31,13.13,7.5,16.94,5.34,13.64,22.03,9.24
1980/8/31,12.87,8.4,16.28,5.34,13.59,22.03,12.31
1980/9/30,12.6,8.7,15.87,4.9,13.64,21.35,14.23
1980/10/31,12.77,7.5,15.41,4.89,13.51,21.15,13.89
1980/11/30,12.65,8,15.31,5,13.53,21.98,15.16
1980/12/31,12.52,6.9,15.12,5.54,13.73,19.55,14.94
1981/1/31,11.83,7.2,13.05,5.92,12.85,18.03,15.32
1981/2/28,11.41,6.3,12.46,5.44,12.71,18.27,15.48
1981/3/31,10.49,6.1,12.61,5.83,12.46,18.73,15.12
1981/4/30,10,5,12.04,5.8,12.62,18.39,16.13
1981/5/31,9.78,5,11.74,5.76,12.72,19.04,13.94
1981/6/30,9.55,4.8,11.33,5.88,13.03,19.3,13.18
1981/7/31,10.76,4.4,10.9,6.41,13.35,17.91,13.85
1981/8/31,10.8,4.2,11.47,6.53,13.61,17.59,11.91
1981/9/30,10.95,4,11.4,7.07,13.88,16.93,9.67
1981/10/31,10.14,4.2,11.7,7.46,14.12,16.98,8.87
1981/11/30,9.59,3.8,11.97,7.28,14.31,16.64,7.13
1981/12/31,8.92,4.3,12.05,6.69,13.89,18.11,4.51
1982/1/31,8.39,3.3,12.01,6.63,13.83,17.6,5.03
1982/2/28,7.62,3.2,11.04,5.94,13.89,17.09,5.29
1982/3/31,6.78,3,10.35,5.12,14.22,16.4,5.43
1982/4/30,6.51,3,9.41,4.97,13.93,15.84,5.38
1982/5/31,6.68,2.5,9.49,5.2,13.81,15.33,8.74
1982/6/30,7.06,2.3,9.16,5.93,13.49,15.25,8.9
1982/7/31,6.44,1.9,8.72,5.4,11.95,16,7.94
1982/8/31,5.85,3.2,7.95,5.01,10.94,17.03,6.42
1982/9/30,5.04,3.2,7.28,4.86,10.13,17.12,5.59
1982/10/31,5.14,3.1,6.85,4.83,9.32,17.07,5.09
1982/11/30,4.59,2.3,6.26,4.56,9.41,16.61,6.14
1982/12/31,3.83,2,5.41,4.55,9.69,16.44,6.56
1983/1/31,3.71,2.1,4.93,4.15,9.59,16.21,5.47
1983/2/28,3.49,2,5.34,4.02,9.25,16.05,4.19
1983/3/31,3.6,2.3,4.63,4.02,8.97,16.15,2.99
1983/4/30,3.9,2.1,4,3.88,9.11,16.39,3.29
1983/5/31,3.55,2.7,3.7,3.37,8.96,16.06,3.05
1983/6/30,2.58,2,3.65,2.62,8.82,15.52,0.94
1983/7/31,2.46,2.3,4.18,2.86,9.42,15.04,0.94
1983/8/31,2.56,1.3,4.61,3.34,9.7,13.55,2.38
1983/9/30,2.86,0.9,5.14,3.21,10.13,13.35,1.93
1983/10/31,2.85,1.5,4.99,2.72,10.39,13.13,3.88
1983/11/30,3.27,1.9,4.85,2.71,9.83,12.81,2.57
1983/12/31,3.79,1.7,5.31,2.71,9.29,12.29,3.73
1984/1/31,4.19,1.9,5.12,2.58,8.97,12.27,6.16
1984/2/29,4.6,2.9,5.1,2.93,8.91,12.11,6.91
1984/3/31,4.8,2.5,5.25,3.04,8.61,11.87,8.39
1984/4/30,4.56,2.3,5.17,2.92,7.91,11.55,7.34
1984/5/31,4.23,2,5.12,2.8,7.79,11.33,4.68
1984/6/30,4.22,1.9,5.14,2.79,7.67,11.32,6.07
1984/7/31,4.2,2.5,4.46,2.31,7.46,10.66,6.67
1984/8/31,4.29,1.9,4.97,1.73,7.42,10.67,5.58
1984/9/30,4.27,2.3,4.71,1.61,7.08,10.09,5.98
1984/10/31,4.26,2.2,4.99,2.19,6.95,9.52,4.67
1984/11/30,4.05,2.2,4.94,2.07,6.85,9.17,5.49
1984/12/31,3.95,2.6,4.58,1.95,6.69,9.37,5
1985/1/31,3.53,2.9,5.02,2.17,6.51,9.26,3.97
1985/2/28,3.52,1.5,5.4,2.28,6.4,9.31,3.76
1985/3/31,3.7,1.8,6.09,2.5,6.42,9.44,2.38
1985/4/30,3.69,2,6.95,2.5,6.52,9.39,3.71
1985/5/31,3.77,1.8,7,2.38,6.48,9.46,2.98
1985/6/30,3.76,2.5,6.95,2.03,6.38,9.49,2.06
1985/7/31,3.55,2.4,6.85,2.15,6.07,9.45,1.74
1985/8/31,3.35,2.3,6.19,2.04,5.64,9.11,1.76
1985/9/30,3.14,1.7,5.87,2.04,5.29,8.89,1.34
1985/10/31,3.23,2.3,5.44,1.58,4.92,8.92,0.89
1985/11/30,3.51,1.9,5.45,1.57,4.78,8.92,1.49
1985/12/31,3.8,1.9,5.64,1.57,4.7,8.89,3.42
1986/1/31,3.89,1.5,5.48,1.34,4.22,8.22,3.96
1986/2/28,3.11,1.8,5.11,0.78,3.43,7.3,1.88
1986/3/31,2.26,1.3,4.2,0.11,2.95,6.93,2.18
1986/4/30,1.59,1,3.06,0,2.61,6.38,1.86
1986/5/31,1.49,1.1,2.73,0,2.35,6.13,4.05
1986/6/30,1.77,0.6,2.52,0,2.27,5.69,3.6
1986/7/31,1.58,0.1,2.42,-0.33,2.01,5.48,4.14
1986/8/31,1.57,0.1,2.41,-0.33,2.01,5.57,5.77
1986/9/30,1.75,0.5,3.04,-0.33,2.26,5.24,8.21
1986/10/31,1.47,-0.3,3.03,-0.78,2.19,4.7,8.98
1986/11/30,1.28,0,3.55,-1,2.12,4.37,9.08
1986/12/31,1.1,-0.3,3.75,-1,2.12,4.15,6.91
1987/1/31,1.46,-1.1,3.95,-0.77,2.99,4.23,6.21
1987/2/28,2.1,-1,3.93,-0.55,3.44,4.41,6.97
1987/3/31,3.03,-0.5,4.03,-0.22,3.3,4.19,6.69
1987/4/30,3.78,0.1,4.2,0,3.48,4.38,5.49
1987/5/31,3.86,0,4.19,0,3.41,4.36,5.42
1987/6/30,3.65,0.3,4.19,0.11,3.27,4.54,7.08
1987/7/31,3.93,0.1,4.41,0.44,3.39,4.73,5.9
1987/8/31,4.28,0.4,4.4,0.67,3.51,4.81,3.68
1987/9/30,4.36,0.8,4.17,0.45,3.19,5.17,2.17
1987/10/31,4.53,0.7,4.47,0.89,3.18,5.52,2.03
1987/11/30,4.53,0.7,4.13,1.01,3.18,5.4,1.74
1987/12/31,4.43,0.8,3.71,1.01,3.12,5.19,1.62
1988/1/31,4.05,0.9,3.3,0.89,2.36,5.17,1.73
1988/2/29,3.94,0.7,3.11,1,2.36,5.05,1.33
1988/3/31,3.93,0.7,3.34,1,2.53,5.22,1.07
1988/4/30,3.9,0.3,3.42,1,2.46,5.1,1.73
1988/5/31,3.89,0.2,3.75,1.22,2.52,4.99,1.32
1988/6/30,3.96,0.2,4.18,1.22,2.63,4.97,0.65
1988/7/31,4.13,0.5,4.29,1.22,2.74,4.96,1.42
1988/8/31,4.02,0.7,4.63,1.22,2.8,5.04,3.29
1988/9/30,4.17,0.6,4.75,1.44,2.97,4.92,3.71
1988/10/31,4.25,1.1,4.88,1.44,2.97,4.79,3.44
1988/11/30,4.25,1.2,5.02,1.77,2.96,5.12,2.24
1988/12/31,4.42,1,5.12,1.88,3.08,5.38,1.99
1989/1/31,4.67,1.1,5.7,2.31,3.31,5.53,2.22
1989/2/28,4.83,1,5.8,2.42,3.42,5.94,3.54
1989/3/31,4.98,1.1,5.9,2.53,3.41,6.09,3.96
1989/4/30,5.12,2.4,5.6,2.96,3.57,6.33,3.8
1989/5/31,5.36,2.9,5.9,2.84,3.74,6.48,3.91
1989/6/30,5.17,3,5.8,2.84,3.55,6.55,3.61
1989/7/31,4.98,3,5.7,2.73,3.48,6.53,3.58
1989/8/31,4.71,2.6,5.5,2.84,3.36,6.34,2.42
1989/9/30,4.34,2.6,5.7,2.84,3.35,6.3,2.05
1989/10/31,4.49,2.9,5.8,3.06,3.57,6.43,2.43
1989/11/30,4.66,2.3,5.7,2.94,3.63,6.3,3.1
1989/12/31,4.65,2.6,5.8,3.04,3.56,6.28,2.86
1990/1/31,5.2,3,5.9,2.69,3.43,6.57,4.6
1990/2/28,5.26,3.6,6.3,2.79,3.36,6.51,4.82
1990/3/31,5.23,3.5,6.2,2.68,3.31,6.31,5.2
1990/4/30,4.71,2.5,7.7,2.24,3.24,6.2,3.41
1990/5/31,4.36,2.7,8.2,2.34,2.98,6.01,2.76
1990/6/30,4.67,2.2,8.2,2.34,2.85,6.06,3.98
1990/7/31,4.82,2.3,8.2,2.45,2.59,6.21,3.7
1990/8/31,5.62,2.9,8.9,2.77,3.09,6.68,3.11
1990/9/30,6.16,3,9.2,2.98,3.59,6.73,3.51
1990/10/31,6.29,3.5,9.2,3.39,3.58,6.76,3.75
1990/11/30,6.27,4.2,9.2,2.96,3.25,6.8,4.01
1990/12/31,6.11,3.8,9.2,2.74,3.06,6.61,4.04
1991/1/31,5.65,4,8.6,2.83,3.34,6.28,3.67
1991/2/28,5.31,3.6,8.2,2.85,3.4,6.27,2.42
1991/3/31,4.9,3.6,8.3,2.85,3.34,6.47,2.41
1991/4/30,4.89,3.4,8,3.08,3.09,6.47,4.27
1991/5/31,4.95,3.4,7.5,3.16,3.26,6.54,4.15
1991/6/30,4.7,3.4,7.7,3.65,3.53,6.56,4.9
1991/7/31,4.45,3.5,7.5,4.84,3.76,6.63,3.33
1991/8/31,3.8,3.3,7.5,4.51,3.21,6.21,3.02
1991/9/30,3.39,2.7,6.9,4.19,2.64,6.15,1.33
1991/10/31,2.92,2.7,6.5,5.05,2.72,5.77,-0.6
1991/11/30,2.99,3.1,6.5,5.71,3.28,5.82,-0.48
1991/12/31,3.06,2.7,6.5,5.75,3.02,5.88,-0.85
1992/1/31,2.6,1.8,6.2,5.69,2.62,5.9,-2.59
1992/2/29,2.82,2,6.3,5.81,2.79,5.66,-2.36
1992/3/31,3.19,2,6.2,6.24,2.93,5.53,-1.88
1992/4/30,3.18,2.4,5.2,6.21,2.83,5.51,-1.99
1992/5/31,3.02,2,5.1,6.2,2.84,5.59,-2.34
1992/6/30,3.09,2.3,4.6,5.87,2.53,5.37,-3.88
1992/7/31,3.16,1.7,4.5,4.96,2.21,5.16,-3.22
1992/8/31,3.15,1.7,3.7,4.96,2.03,5.15,-1.76
1992/9/30,2.99,2,3.7,4.96,2.16,4.85,-0.48
1992/10/31,3.2,1.1,3.5,3.35,1.92,4.82,0.61
1992/11/30,3.05,0.7,3.3,3.33,1.63,4.88,0.73
1992/12/31,2.9,1.2,3.2,3.33,1.91,4.87,2.45
1993/1/31,3.26,1.3,3,4.55,2.13,4.75,2.42
1993/2/28,3.25,1.4,3.1,4.8,2.05,4.54,3.02
1993/3/31,3.09,1.2,3.2,4.64,2.24,4.43,1.68
1993/4/30,3.23,0.9,2.6,4.49,2.15,4.5,0.84
1993/5/31,3.22,0.9,2.3,4.34,1.96,4.39,2.52
1993/6/30,3,0.9,2.2,4.33,1.96,4.74,1.54
1993/7/31,2.78,1.9,2.3,4.59,2.1,4.91,1.66
1993/8/31,2.77,1.9,2.6,4.59,2.16,4.72,1.19
1993/9/30,2.69,1.5,2.7,4.45,2.2,4.8,1.32
1993/10/31,2.75,1.3,2.4,4.45,2.09,4.87,1.69
1993/11/30,2.68,0.9,2.1,4.17,2.09,4.48,1.92
1993/12/31,2.75,1,2.3,4.3,2.11,4.38,2.03
1994/1/31,2.52,1.2,2.6,3.03,1.83,4.36,1.42
1994/2/28,2.52,1.1,2.4,3.01,1.77,4.43,0
1994/3/31,2.51,1.3,2.2,2.87,1.49,4.33,-0.47
1994/4/30,2.36,0.8,2.4,2.73,1.64,4.05,0.47
1994/5/31,2.29,0.8,2.4,2.86,1.72,4.3,-0.82
1994/6/30,2.49,0.6,2.3,2.72,1.73,3.84,-0.47
1994/7/31,2.77,-0.2,2.1,2.45,1.64,3.74,0.35
1994/8/31,2.9,0,2.2,2.71,1.62,3.83,0.59
1994/9/30,2.96,0.2,1.9,2.58,1.62,3.9,0
1994/10/31,2.61,0.7,1.8,2.45,1.65,3.88,0.36
1994/11/30,2.67,1,2.1,2.45,1.57,3.95,0
1994/12/31,2.67,0.7,2.2,2.45,1.59,4.03,-0.23
1995/1/31,2.8,0.6,2.4,2.3,1.72,3.93,1.4
1995/2/28,2.86,0.2,2.3,2.03,1.74,4.24,2.82
1995/3/31,2.85,-0.4,2.4,1.9,1.82,4.9,3.68
1995/4/30,3.05,-0.2,2.3,1.9,1.67,5.14,4.72
1995/5/31,3.19,0,2.6,1.64,1.59,5.19,3.66
1995/6/30,3.04,0.3,2.7,1.64,1.64,5.67,3.4
1995/7/31,2.76,0.1,2.8,1.64,1.46,5.58,2.56
1995/8/31,2.62,-0.2,2.7,1.38,1.96,5.73,1.64
1995/9/30,2.54,0.2,3,1.64,2.01,5.63,2.37
1995/10/31,2.81,-0.6,3,1.51,1.9,5.52,2.01
1995/11/30,2.61,-0.7,2.9,1.39,1.96,5.66,1.77
1995/12/31,2.54,-0.3,3.1,1.51,2.09,5.57,2
1996/1/31,2.73,-0.5,2.9,1.38,1.95,5.58,0.46
1996/2/29,2.65,-0.4,3,1.49,2.02,5.23,-0.23
1996/3/31,2.84,-0.1,3,1.49,2.36,4.72,0.34
1996/4/30,2.9,0.2,2.8,1.37,2.36,4.71,0
1996/5/31,2.89,0.2,2.8,1.49,2.42,4.46,0.34
1996/6/30,2.75,0,2.8,1.49,2.3,4.01,0.91
1996/7/31,2.95,0.4,2.7,1.36,2.31,3.75,0.68
1996/8/31,2.88,0.2,2.7,1.36,1.62,3.52,1.61
1996/9/30,3,0,2.7,1.36,1.56,3.38,1.62
1996/10/31,2.99,0.5,3,1.61,1.72,3.08,2.43
1996/11/30,3.26,0.5,3.1,1.49,1.54,2.92,3.36
1996/12/31,3.32,0.6,2.8,1.49,1.66,2.86,2.42
1997/1/31,3.04,0.6,2.6,2.1,1.76,2.73,2.52
1997/2/28,3.03,0.6,2.4,1.6,1.59,2.43,2.75
1997/3/31,2.76,0.5,2.2,1.6,1.02,2.32,2.28
1997/4/30,2.5,1.9,2.1,1.47,0.94,2.03,0.68
1997/5/31,2.23,1.9,2.1,1.59,0.87,1.92,1.81
1997/6/30,2.3,2.2,2.1,1.59,0.96,1.73,1.35
1997/7/31,2.23,1.9,2.4,2.32,1.02,1.82,2.26
1997/8/31,2.23,2.1,2.3,2.44,1.47,1.82,1.81
1997/9/30,2.15,2.4,2.2,2.2,1.35,1.82,1.03
1997/10/31,2.08,2.5,2.2,2.08,1.04,2.01,0.45
1997/11/30,1.83,2.1,2.1,2.2,1.3,2,0.67
1997/12/31,1.7,1.8,1.9,2.07,1.14,1.9,0.9
1998/1/31,1.57,1.8,1.8,1.21,0.61,1.9,2.46
1998/2/28,1.44,1.9,1.8,1.33,0.77,2.09,1.11
1998/3/31,1.38,2.2,1.9,1.21,0.86,2.08,1.56
1998/4/30,1.44,0.4,2.1,1.45,1.03,2.08,1.57
1998/5/31,1.69,0.5,2.2,1.33,0.91,1.98,1.67
1998/6/30,1.68,0.1,1.9,1.33,1.02,2.07,2.33
1998/7/31,1.68,-0.1,1.7,0.84,0.81,2.07,1.21
1998/8/31,1.62,-0.3,1.6,0.48,0.62,2.07,1.22
1998/9/30,1.49,-0.2,1.7,0.48,0.4,1.98,1.24
1998/10/31,1.49,0.2,1.6,0.48,0.4,1.88,1.12
1998/11/30,1.55,0.8,1.7,0.48,0.17,1.59,1.67
1998/12/31,1.61,0.6,1.9,0.36,0.22,1.68,1.67
1999/1/31,1.67,0.2,2,0.24,0.24,1.49,1.09
1999/2/28,1.61,-0.1,1.9,0.12,0.18,1.39,1.43
1999/3/31,1.73,-0.4,2.1,0.24,0.35,1.3,1.21
1999/4/30,2.28,-0.1,2,0.6,0.42,1.48,1.76
1999/5/31,2.09,-0.4,1.7,0.48,0.41,1.48,1.42
1999/6/30,1.96,-0.3,1.8,0.48,0.32,1.39,0.87
1999/7/31,2.14,-0.1,1.7,0.59,0.38,1.66,1.09
1999/8/31,2.26,0.3,1.6,0.71,0.49,1.66,0.77
1999/9/30,2.63,-0.2,1.6,0.71,0.69,1.85,1.11
1999/10/31,2.56,-0.7,1.5,0.72,0.81,2.03,1.11
1999/11/30,2.62,-1.2,1.5,0.95,0.91,2.12,0.11
1999/12/31,2.68,-1.1,1.5,1.19,1.25,2.11,0.66
2000/1/31,2.74,-0.9,1.2,1.55,1.54,2.2,-1.19
2000/2/29,3.22,-0.6,1.2,1.55,1.36,2.38,-0.76
2000/3/31,3.76,-0.5,1,1.55,1.49,2.47,-0.33
2000/4/30,3.07,-0.8,0.9,1.07,1.21,2.28,-0.32
2000/5/31,3.19,-0.7,1,0.95,1.4,2.46,0.43
2000/6/30,3.73,-0.7,1.2,1.3,1.66,2.73,0.86
2000/7/31,3.66,-0.5,1.2,1.3,1.77,2.63,1.83
2000/8/31,3.41,-0.8,1,1.18,1.79,2.63,2.51
2000/9/30,3.45,-0.8,1.3,1.65,2.15,2.63,2.2
2000/10/31,3.45,-0.9,1.4,1.66,1.95,2.62,1.76
2000/11/30,3.45,-0.5,1.5,1.53,2.14,2.7,2.3
2000/12/31,3.39,-0.2,1.2,2,1.64,2.7,3.59
2001/1/31,3.73,-0.3,1.2,1.41,1.21,2.96,3.93
2001/2/28,3.53,-0.3,1.2,1.88,1.36,2.95,5.36
2001/3/31,2.92,-0.7,1.3,1.88,1.34,2.77,5.88
2001/4/30,3.27,-0.7,1.5,2.34,1.83,3.12,6.08
2001/5/31,3.62,-0.7,1.9,2.82,2.26,3.02,6.13
2001/6/30,3.25,-0.8,1.9,2.45,2.06,3.01,5.33
2001/7/31,2.72,-0.8,1.7,2.09,2.02,2.92,4.98
2001/8/31,2.72,-0.7,2.1,2.1,1.82,2.83,4.26
2001/9/30,2.65,-0.8,1.7,1.86,1.49,2.65,4.42
2001/10/31,2.13,-0.8,1.6,1.86,1.68,2.46,4.43
2001/11/30,1.9,-1,1.2,1.51,1.18,2.37,3.85
2001/12/31,1.55,-1.2,1.4,1.61,1.35,2.37,3.57
2002/1/31,1.14,-1.4,1.8,2.08,2.26,2.36,4.93
2002/2/28,1.14,-1.6,1.7,1.84,2.1,2.35,4.57
2002/3/31,1.48,-1.2,1.7,2.07,2.09,2.52,3.19
2002/4/30,1.64,-1.1,1.6,1.49,1.99,2.34,3.28
2002/5/31,1.18,-0.9,1.2,1.26,1.48,2.33,1.62
2002/6/30,1.07,-0.7,1.1,1.14,1.41,2.15,1.92
2002/7/31,1.46,-0.8,1.4,1.14,1.62,2.24,1.51
2002/8/31,1.8,-0.9,1.3,1.26,1.85,2.41,1.84
2002/9/30,1.51,-0.7,1.2,1.26,1.85,2.58,1.55
2002/10/31,2.03,-0.9,1.5,1.26,1.95,2.66,1.14
2002/11/30,2.2,-0.4,1.6,1.15,2.22,2.83,2.78
2002/12/31,2.38,-0.3,1.7,1.14,2.27,2.83,2.13
2003/1/31,2.6,-0.4,1.4,1.02,1.99,2.81,1.8
2003/2/28,2.98,-0.2,1.6,1.24,2.57,2.63,0.79
2003/3/31,3.02,-0.1,1.6,1.13,2.54,2.71,1.29
2003/4/30,2.22,-0.1,1.5,0.9,2.01,2.7,0.79
2003/5/31,2.06,-0.2,1.3,0.56,1.76,2.7,1.79
2003/6/30,2.11,-0.4,1.2,0.9,1.97,2.7,1.69
2003/7/31,2.11,-0.2,1.3,1.01,1.86,2.69,1.69
2003/8/31,2.16,-0.3,1.4,1.13,1.87,2.77,1.3
2003/9/30,2.32,-0.2,1.3,1.01,2.07,2.77,1.63
2003/10/31,2.04,0,1.3,1.13,2.13,2.59,1.94
2003/11/30,1.77,-0.5,1.3,1.25,2.25,2.5,1.1
2003/12/31,1.88,-0.4,1.3,1.12,2.18,2.5,1.49
2004/1/31,1.93,-0.3,1.5,1.12,1.99,2.24,0.39
2004/2/29,1.69,0,1.4,0.78,1.71,2.32,0.39
2004/3/31,1.74,-0.1,1.2,1,1.7,2.31,0.39
2004/4/30,2.29,-0.4,1.1,1.68,2.11,2.3,0
2004/5/31,3.05,-0.5,1.4,2.13,2.61,2.3,0.69
2004/6/30,3.27,0,1.5,1.79,2.45,2.38,1.76
2004/7/31,2.99,-0.1,1.4,1.78,2.4,2.29,1.66
2004/8/31,2.65,-0.2,1.4,1.9,2.38,2.29,2.57
2004/9/30,2.54,0,1.2,1.79,2.09,2.12,2.8
2004/10/31,3.19,0.5,1.3,1.9,2.13,2.04,3.82
2004/11/30,3.52,0.8,1.5,1.9,2.07,1.87,3.76
2004/12/31,3.26,0.2,1.8,2.22,2.08,2.03,3.13
2005/1/31,2.97,-0.1,1.7,1.44,1.51,1.87,2.54
2005/2/28,3.01,-0.3,1.7,1.66,1.71,1.94,2.45
2005/3/31,3.15,-0.2,2,1.77,1.94,1.94,2.84
2005/4/30,3.51,0,1.9,1.21,1.88,1.85,4.42
2005/5/31,2.8,0.2,1.9,1.21,1.57,1.93,3.5
2005/6/30,2.53,-0.5,2,1.32,1.65,1.76,2.4
2005/7/31,3.17,-0.3,2.3,1.53,1.67,2.08,2.21
2005/8/31,3.64,-0.3,2.4,1.53,1.84,2,2.32
2005/9/30,4.69,-0.3,2.5,1.86,2.14,2,1.65
2005/10/31,4.35,-0.7,2.4,1.86,1.85,2.24,1.45
2005/11/30,3.46,-0.8,2.2,1.76,1.59,2.23,0.76
2005/12/31,3.42,-0.1,2.1,1.41,1.6,1.99,1.04
2006/1/31,3.99,-0.1,2.2,1.86,2.06,2.23,2.86
2006/2/28,3.6,-0.1,2.2,1.85,1.83,2.14,2.87
2006/3/31,3.36,-0.2,2,1.41,1.47,2.06,2.1
2006/4/30,3.55,-0.1,2.2,1.96,1.71,2.21,0.66
2006/5/31,4.17,0.1,2.4,1.74,2.07,2.2,1.22
2006/6/30,4.32,0.5,2.6,1.84,1.96,2.28,1.41
2006/7/31,4.15,0.3,2.5,1.83,1.94,2.2,2.07
2006/8/31,3.82,0.9,2.6,1.51,1.88,2.19,2.26
2006/9/30,2.06,0.6,2.5,1.08,1.27,2.11,3.16
2006/10/31,1.31,0.4,2.5,1.08,1.06,1.8,3.15
2006/11/30,1.97,0.3,2.8,1.4,1.38,1.8,3.31
2006/12/31,2.54,0.3,2.9,1.39,1.49,1.87,2.25
2007/1/31,2.08,0,2.7,1.72,1.25,1.71,2.23
2007/2/28,2.42,-0.2,2.7,1.71,1.05,1.79,4.75
2007/3/31,2.78,-0.1,2.9,1.93,1.19,1.71,4.38
2007/4/30,2.57,0,2.7,2.13,1.25,1.55,4.49
2007/5/31,2.69,0,2.5,2.13,1.07,1.54,3.99
2007/6/30,2.69,-0.2,2.5,1.91,1.19,1.69,3.42
2007/7/31,2.36,0,2,2.01,1.11,1.61,2.67
2007/8/31,1.97,-0.2,2,2.12,1.18,1.61,2.03
2007/9/30,2.76,-0.2,2,2.66,1.52,1.69,1.3
2007/10/31,3.54,0.3,2.3,2.77,2,2.07,0.65
2007/11/30,4.31,0.6,2.2,3.3,2.45,2.38,0.64
2007/12/31,4.08,0.7,2.3,3.17,2.59,2.61,1.1
2008/1/31,4.28,0.7,2.4,2.85,2.82,2.99,1.09
2008/2/29,4.03,1,2.6,2.84,2.85,2.9,-0.62
2008/3/31,3.98,1.2,2.6,3.15,3.18,3.28,-0.27
2008/4/30,3.94,0.8,3,2.4,3.02,3.35,0.9
2008/5/31,4.18,1.3,3.3,3.03,3.32,3.57,1.88
2008/6/30,5.02,2,3.7,3.24,3.57,3.79,3.04
2008/7/31,5.6,2.3,4.2,3.32,3.61,4.08,4.31
2008/8/31,5.37,2.1,4.4,3.12,3.16,4.07,5.24
2008/9/30,4.94,2.1,4.8,2.8,2.98,3.77,6.68
2008/10/31,3.66,1.7,4.2,2.38,2.66,3.46,7.25
2008/11/30,1.07,1,3.8,1.34,1.63,2.7,9.02
2008/12/31,0.09,0.4,3,1.13,1,2.24,8.99
2009/1/31,0.03,0,2.9,0.92,0.71,1.64,8.62
2009/2/28,0.24,-0.1,3.1,1.12,0.87,1.63,8.94
2009/3/31,-0.38,-0.3,2.8,0.41,0.3,1.18,9.5
2009/4/30,-0.74,-0.1,2.3,0.71,0.13,1.18,8.34
2009/5/31,-1.28,-1.1,2.1,0,-0.26,0.88,7.36
2009/6/30,-1.43,-1.8,1.7,0.1,-0.49,0.51,6.42
2009/7/31,-2.1,-2.2,1.6,-0.5,-0.73,0,5.59
2009/8/31,-1.48,-2.2,1.4,0,-0.18,0.14,4.38
2009/9/30,-1.29,-2.2,1,-0.2,-0.36,0.22,2.75
2009/10/31,-0.18,-2.5,1.2,0,-0.21,0.29,2.14
2009/11/30,1.84,-1.9,1.5,0.41,0.4,0.66,1.25
2009/12/31,2.72,-1.7,2.1,0.81,0.91,1.02,1.25
2010/1/31,2.63,-1.3,2.6,0.71,1.1,1.32,0.91
2010/2/28,2.14,-1.1,2.1,0.51,1.28,1.17,0.57
2010/3/31,2.31,-1.1,2.4,1.22,1.59,1.39,0.74
2010/4/30,2.24,-1.2,2.7,1.21,1.68,1.53,0.41
2010/5/31,2.02,-0.9,2.5,1.22,1.65,1.38,0.24
2010/6/30,1.05,-0.7,2.4,0.91,1.51,1.31,0.08
2010/7/31,1.24,-0.9,2.3,1.11,1.68,1.67,0.57
2010/8/31,1.15,-0.9,2.4,1.01,1.39,1.59,1.23
2010/9/30,1.14,-0.6,2.4,1.21,1.56,1.6,2.17
2010/10/31,1.17,0.2,2.5,1.31,1.59,1.74,2.1
2010/11/30,1.14,0.1,2.6,1.52,1.57,1.74,0.99
2010/12/31,1.5,0,3.1,1.31,1.76,1.88,1.4
2011/1/31,1.63,-0.6,3.4,1.72,1.74,2.15,1.88
2011/2/28,2.11,-0.5,3.7,1.91,1.66,2.38,1.96
2011/3/31,2.68,-0.5,3.5,2,1.99,2.49,3.66
2011/4/30,3.16,-0.4,3.8,1.9,2.08,2.62,3.67
2011/5/31,3.57,-0.4,3.8,2,2.01,2.65,4.23
2011/6/30,3.56,-0.4,3.6,2.1,2.11,2.75,4.8
2011/7/31,3.63,0.2,3.8,2.1,1.94,2.68,5.11
2011/8/31,3.77,0.2,3.9,2.1,2.23,2.76,5.04
2011/9/30,3.87,0,4.5,2.4,2.24,2.98,4.82
2011/10/31,3.53,-0.2,4.3,2.3,2.35,3.36,4.93
2011/11/30,3.39,-0.5,4.1,2.39,2.52,3.26,5.72
2011/12/31,2.96,-0.2,3.7,1.98,2.46,3.29,5.03
2012/1/31,2.93,0.1,3.2,2.09,2.35,3.16,4.9
2012/2/29,2.87,0.3,3.1,2.17,2.29,3.25,4.72
2012/3/31,2.65,0.5,3.1,2.16,2.3,3.34,1.96
2012/4/30,2.3,0.4,2.8,1.96,2.09,3.32,2.36
2012/5/31,1.7,0.2,2.5,1.96,1.98,3.22,2.5
2012/6/30,1.66,-0.2,2.3,1.67,1.93,3.31,1.79
2012/7/31,1.41,-0.4,2.4,1.86,1.94,3.11,1.93
2012/8/31,1.69,-0.4,2.3,2.15,2.08,3.2,2.24
2012/9/30,1.99,-0.3,2.1,2.05,1.91,3.2,1.4
2012/10/31,2.16,-0.4,2.4,2.05,1.85,2.6,1.88
2012/11/30,1.76,-0.2,2.4,1.95,1.42,2.51,1.47
2012/12/31,1.74,-0.1,2.4,2.04,1.33,2.31,1.24
2013/1/31,1.59,-0.3,2.4,1.65,1.17,2.2,0.61
2013/2/28,1.98,-0.7,2.5,1.55,1.04,1.91,1.76
2013/3/31,1.47,-0.9,2.5,1.44,0.97,1.61,1.69
2013/4/30,1.06,-0.7,2.2,1.15,0.69,1.13,1.69
2013/5/31,1.36,-0.3,2.4,1.54,0.8,1.13,1.3
2013/6/30,1.75,0.2,2.6,1.83,0.93,1.23,1.3
2013/7/31,1.96,0.7,2.5,1.92,1.07,1.23,0.45
2013/8/31,1.52,0.9,2.4,1.53,0.87,1.22,0.68
2013/9/30,1.18,1.1,2.4,1.43,0.88,0.94,1.08
2013/10/31,0.96,1.1,2,1.24,0.57,0.75,0.69
2013/11/30,1.24,1.5,1.9,1.34,0.68,0.66,1.07
2013/12/31,1.5,1.6,1.9,1.43,0.71,0.66,0.76
2014/1/31,1.58,1.4,1.8,1.34,0.65,0.66,0.99
2014/2/28,1.13,1.5,1.6,1.24,0.92,0.47,0.98
2014/3/31,1.51,1.6,1.5,1.04,0.61,0.37,1.74
2014/4/30,1.95,3.4,1.7,1.33,0.72,0.56,1.74
2014/5/31,2.13,3.7,1.5,0.85,0.68,0.47,2.48
2014/6/30,2.07,3.6,1.8,1.04,0.48,0.28,3.24
2014/7/31,1.99,3.4,1.6,0.85,0.46,0.09,3.16
2014/8/31,1.7,3.3,1.5,0.85,0.44,-0.09,2.26
2014/9/30,1.66,3.2,1.3,0.85,0.29,-0.19,2.97
2014/10/31,1.66,2.9,1.3,0.76,0.45,0.09,3.05
2014/11/30,1.32,2.4,1.1,0.57,0.32,0.19,3.32
2014/12/31,0.76,2.4,0.7,0.19,0.06,0,4.24
2015/1/31,-0.09,2.4,0.5,-0.28,-0.38,-0.56,5.35
2015/2/28,-0.03,2.2,0.4,-0.05,-0.27,-0.09,4.32
2015/3/31,-0.07,2.3,0.3,0.17,-0.07,-0.09,4.16
2015/4/30,-0.2,0.6,0.3,0.87,0.08,-0.09,4.01
2015/5/31,-0.04,0.5,0.4,1.16,0.3,0.09,4.11
2015/6/30,0.12,0.4,0.3,0.88,0.26,0.19,3.58
2015/7/31,0.17,0.2,0.5,0.8,0.17,0.19,3.5
2015/8/31,0.2,0.2,0.4,0.8,0.05,0.19,3.97
2015/9/30,-0.04,0,0.2,0.6,0.03,0.19,3.92
2015/10/31,0.17,0.3,0.2,0.88,0.06,0.28,4.59
2015/11/30,0.5,0.3,0.4,0.17,0.04,0.09,3.72
2015/12/31,0.73,0.2,0.5,0.17,0.18,0.09,4.07
2016/1/31,1.37,-0.1,0.6,0.51,0.22,0.25,4.58
2016/2/29,1.02,0.2,0.6,0.1,-0.19,-0.32,4.42
2016/3/31,0.85,0,0.8,0.3,-0.15,-0.21,3.99
2016/4/30,1.13,-0.3,0.7,-0.1,-0.19,-0.5,3.29
2016/5/31,1.02,-0.5,0.7,0.2,-0.02,-0.29,1.41
2016/6/30,1,-0.4,0.8,0.3,0.19,-0.38,0.85
2016/7/31,0.83,-0.4,0.9,0.5,0.22,-0.09,1.13
2016/8/31,1.06,-0.5,1,0.4,0.23,-0.07,0.42
2016/9/30,1.46,-0.5,1.3,0.6,0.39,0.1,-0.92
2016/10/31,1.64,0.1,1.3,0.8,0.36,-0.19,-2.05
2016/11/30,1.69,0.5,1.5,0.8,0.53,0.09,-1.97
2016/12/31,2.07,0.3,1.8,1.5,0.61,0.49,-2.79
2017/1/31,2.5,0.4,1.9,1.62,1.34,1,-3.97
2017/2/28,2.74,0.3,2.3,1.91,1.21,1.61,-4.1
2017/3/31,2.38,0.2,2.3,1.4,1.15,1.41,-3.57
2017/4/30,2.2,0.4,2.6,1.7,1.17,1.91,-2.56
2017/5/31,1.87,0.4,2.7,1.19,0.81,1.4,-1.18
2017/6/30,1.63,0.4,2.6,1.39,0.69,1.2,-0.35
2017/7/31,1.73,0.4,2.6,1.38,0.72,1.1,-0.14
2017/8/31,1.94,0.7,2.7,1.58,0.9,1.2,0.28
2017/9/30,2.23,0.7,2.8,1.68,0.99,1.1,0.86
2017/10/31,2.04,0.2,2.8,1.28,1.06,1,0.58
2017/11/30,2.2,0.6,2.8,1.59,1.18,0.9,0.93
2017/12/31,2.11,1,2.7,1.38,1.19,0.9,1.51
2018/1/31,2.07,1.4,2.7,1.39,1.33,0.89,1.64
2018/2/28,2.21,1.5,2.5,1.09,1.18,0.5,1.35
2018/3/31,2.36,1.1,2.3,1.48,1.56,0.79,0.5
2018/4/30,2.46,0.6,2.2,1.28,1.64,0.49,0.71
2018/5/31,2.8,0.7,2.3,2.06,2.02,0.99,-0.49
2018/6/30,2.87,0.7,2.3,1.86,2.02,1.29,0.07
2018/7/31,2.95,0.9,2.3,1.85,2.29,1.48,0.07
2018/8/31,2.7,1.3,2.4,1.85,2.26,1.58,0.28
2018/9/30,2.28,1.2,2.2,1.95,2.2,1.38,0.64
2018/10/31,2.52,1.4,2.2,2.34,2.21,1.58,1.08
2018/11/30,2.18,0.8,2.2,2.06,1.89,1.59,1.42
2018/12/31,1.91,0.3,2,1.56,1.59,1.09,2.48
2019/1/31,1.55,0.2,1.8,1.37,1.24,0.89,2.45
2019/2/28,1.52,0.2,1.8,1.47,1.32,0.99,3.37
2019/3/31,1.86,0.5,1.8,1.26,1.11,0.98,4.03
2019/4/30,2,0.9,2,2.04,1.26,1.08,2.96
2019/5/31,1.79,0.7,1.9,1.44,0.94,0.78,4.03
2019/6/30,1.65,0.7,1.9,1.63,1.17,0.68,3.92
2019/7/31,1.81,0.5,2,1.72,1.07,0.39,4.19
2019/8/31,1.75,0.3,1.7,1.44,1.04,0.39,3.92
2019/9/30,1.71,0.2,1.7,1.24,0.91,0.29,4.1
2019/10/31,1.76,0.2,1.5,1.14,0.76,0.19,4.12
2019/11/30,2.05,0.5,1.5,1.06,1.03,0.2,3.85
2019/12/31,2.29,0.8,1.4,1.54,1.46,0.49,3.18
2020/1/31,2.49,0.7,1.8,1.74,1.49,0.49,3.76
2020/2/29,2.33,0.4,1.7,1.73,1.43,0.29,2.38
2020/3/31,1.54,0.4,1.5,1.44,0.67,0.1,2.38
2020/4/30,0.33,0.1,0.9,0.86,0.33,0,3.97
2020/5/31,0.12,0.1,0.7,0.57,0.36,-0.19,3.54
2020/6/30,0.65,0.1,0.8,0.85,0.2,-0.19,3.03
2020/7/31,0.99,0.3,1.1,-0.09,0.78,-0.39,2.41
2020/8/31,1.31,0.2,0.5,0,0.22,-0.48,1.62
2020/9/30,1.37,0,0.7,-0.19,0.05,-0.58,1.29
2020/10/31,1.18,-0.4,0.9,-0.19,0.05,-0.29,2.32
2020/11/30,1.17,-0.9,0.6,-0.28,0.2,-0.19,1.62
2020/12/31,1.36,-1.2,0.8,-0.28,-0.02,-0.19,0.54
2021/1/31,1.4,-0.6,0.9,1.05,0.55,0.39,0.07
2021/2/28,1.68,-0.4,0.7,1.33,0.56,0.58,1.33
2021/3/31,2.62,-0.2,1,1.7,1.11,0.78,1.33
2021/4/30,4.16,-0.4,1.6,1.98,1.24,1.07,0.07
2021/5/31,4.99,-0.1,2.1,2.55,1.42,1.26,0.85
2021/6/30,5.39,0.2,2.4,2.35,1.48,1.26,0.65
